{    "3": {        "c4.large": {            "ios": 111126.5882,            "latency": 462.7131667        },        "c4.xlarge": {            "ios": 108719.4233,            "latency": 317.3863333        },        "m3.large": {            "ios": 102277.2508,            "latency": 209.8546667        },        "m3.medium": {            "ios": 108620.7536,            "latency": 352.356        },        "t2.medium": {            "ios": 95326.46319,            "latency": 200.691        },        "t2.small": {            "ios": 111736.5051,            "latency": 228.6696667        }    },    "4": {        "c4.large": {            "ios": 117225.9716,            "latency": 461.783        },        "c4.xlarge": {            "ios": 106453.2455,            "latency": 290.4078333        },        "m3.large": {            "ios": 105576.5065,            "latency": 218.1691667        },        "m3.medium": {            "ios": 115497.4136,            "latency": 386.794        },        "t2.medium": {            "ios": 108114.3541,            "latency": 204.5841667        },        "t2.small": {            "ios": 122113.4826,            "latency": 247.6773333        }    },    "5": {        "c4.large": {            "ios": 115065.7237,            "latency": 454.7388333        },        "c4.xlarge": {            "ios": 105440.9564,            "latency": 309.5878333        },        "m3.large": {            "ios": 102310.2099,            "latency": 213.5006667        },        "m3.medium": {            "ios": 114957.0231,            "latency": 359.8638333        },        "t2.medium": {            "ios": 114464.43,            "latency": 236.062        },        "t2.small": {            "ios": 132619.9083,            "latency": 268.3341667        }    },    "6": {        "c4.large": {            "ios": 70285.98121,            "latency": 296.4816667        },        "c4.xlarge": {            "ios": 70016.83095,            "latency": 187.6405        },        "m3.large": {            "ios": 69485.39918,            "latency": 153.0001667        },        "m3.medium": {            "ios": 71628.11201,            "latency": 255.1313333        },        "t2.medium": {            "ios": 70037.46121,            "latency": 148.5273333        },        "t2.small": {            "ios": 72645.11199,            "latency": 149.3003333        }    },    "7": {        "c4.large": {            "ios": 115232.8192,            "latency": 425.7568333        },        "c4.xlarge": {            "ios": 99311.96794,            "latency": 257.626        },        "m3.large": {            "ios": 100312.1067,            "latency": 229.1041667        },        "m3.medium": {            "ios": 114053.8163,            "latency": 375.0756667        },        "t2.medium": {            "ios": 108257.7777,            "latency": 205.4425        },        "t2.small": {            "ios": 111938.8475,            "latency": 231.3185        }    },    "8": {        "c4.large": {            "ios": 97147.31515,            "latency": 391.4085        },        "c4.xlarge": {            "ios": 88344.72134,            "latency": 240.3596667        },        "m3.large": {            "ios": 97282.2991,            "latency": 218.3165        },        "m3.medium": {            "ios": 98200.27789,            "latency": 339.4701667        },        "t2.medium": {            "ios": 94829.57379,            "latency": 198.089        },        "t2.small": {            "ios": 98531.1856,            "latency": 202.4263333        }    },    "10": {        "c4.large": {            "ios": 101201.399,            "latency": 414.5065        },        "c4.xlarge": {            "ios": 94287.03006,            "latency": 257.8705        },        "m3.large": {            "ios": 100302.0978,            "latency": 235.0191667        },        "m3.medium": {            "ios": 101938.0141,            "latency": 390.6951667        },        "t2.medium": {            "ios": 98749.76603,            "latency": 226.1086667        },        "t2.small": {            "ios": 107259.8795,            "latency": 243.6665        }    },    "14": {        "c4.large": {            "ios": 76047.97835,            "latency": 312.6828333        },        "c4.xlarge": {            "ios": 78113.69864,            "latency": 178.2148333        },        "m3.large": {            "ios": 75894.40123,            "latency": 163.4446667        },        "m3.medium": {            "ios": 77362.91348,            "latency": 270.1118333        },        "t2.medium": {            "ios": 74862.2153,            "latency": 156.2988333        },        "t2.small": {            "ios": 77938.27366,            "latency": 159.1026667        }    },    "18": {        "c4.large": {            "ios": 200418.4966,            "latency": 752.4878333        },        "c4.xlarge": {            "ios": 185523.0712,            "latency": 499.2473333        },        "m3.large": {            "ios": 195149.3681,            "latency": 403.6811667        },        "m3.medium": {            "ios": 200666.7124,            "latency": 667.044        },        "t2.medium": {            "ios": 195925.1124,            "latency": 410.9215        },        "t2.small": {            "ios": 210104.4858,            "latency": 431.7198333        }    },    "19": {        "c4.large": {            "ios": 77533.88593,            "latency": 321.129        },        "c4.xlarge": {            "ios": 77278.81162,            "latency": 213.7913333        },        "m3.large": {            "ios": 77032.83126,            "latency": 163.8753333        },        "m3.medium": {            "ios": 78386.02794,            "latency": 271.6993333        },        "t2.medium": {            "ios": 76429.80988,            "latency": 157.7273333        },        "t2.small": {            "ios": 79420.59455,            "latency": 160.6791667        }    }}